,semestre,district_id,banda_larga,nro_medicoes,medicoes_ipv6,medicoes_ipv4,mediana_download,mediana_upload,mediana_latencia,mediana_perdapacotes,mediana_jitterdown,mediana_jitterup
193,2021_1,01,movel,16,2,14,23.593872547149655,38.30399990081787,8.875750064849854,0.0,0.6815000027418137,1.4790000319480896
195,2021_1,02,movel,7,7,0,,,13.049000263214111,0.0,0.3780000060796737,1.1309999525547028
197,2021_1,03,movel,12,0,12,39.585097312927246,48.95183944702149,6.718500137329102,1.0,1.7759999632835388,0.679500013589859
199,2021_1,04,movel,3,0,3,93.78390979766846,83.60639667510986,9.476249933242798,0.0,0.3294999971985817,0.8682499974966049
201,2021_1,05,movel,3,0,3,34.29048538208008,21.36089515686035,29.913000106811523,100.0,2.1760001182556152,3.470000028610229
204,2021_1,07,movel,11,10,1,3.8526721000671382,3.8762240409851074,20.549500465393063,0.0,0.5265000015497208,2.097000002861023
207,2021_1,09,movel,11,7,4,28.062423706054688,23.777280569076535,33.17549991607666,2.0,15.645999997854233,1.1279999911785126
209,2021_1,10,movel,1,0,1,262.2543334960937,144.35366821289062,9.41100025177002,0.0,1.1619999408721924,0.5709999799728394
211,2021_1,11,movel,20,4,16,57.09427070617676,38.0230073928833,6.7829999923706055,0.0,0.5019999742507935,0.9940000176429749
213,2021_1,12,movel,10,4,6,58.90592098236084,29.43183946609497,11.345250129699709,25.0,0.2317499965429306,2.1282500326633453
215,2021_1,13,movel,10,8,2,93.5423984527588,87.78316974639893,10.42300033569336,0.0,0.3499999940395355,1.6759999990463257
218,2021_1,15,movel,8,0,8,8.69961929321289,14.883840084075928,15.86400032043457,0.0,0.8659999966621399,6.039999961853027
220,2021_1,16,movel,11,3,8,92.18397861719131,52.71830216050148,75.65775156021118,1.5,5.749750018119812,9.867750011384487
222,2021_1,17,movel,25,8,17,78.74886512756348,24.19142341613769,16.241999864578247,0.0,0.990500032901764,2.337500035762787
224,2021_1,18,movel,14,7,7,12.832383155822754,11.286911964416504,14.50950002670288,0.0,0.5060000121593475,1.143500030040741
226,2021_1,19,movel,21,3,18,29.770944595336918,36.892799377441406,9.166749954223633,0.0,0.4815000146627426,1.3007499873638153
228,2021_1,20,movel,2,2,0,,,45.50650024414063,4.5,2.871000051498413,17.957499504089355
230,2021_1,21,movel,4,3,1,197.9247894287109,158.6793670654297,21.008749961853027,0.0,5.147749900817871,6.59499990940094
232,2021_1,22,movel,21,4,17,93.8199291229248,57.93681716918945,18.368500232696533,0.0,1.040750004351139,1.9980000033974648
234,2021_1,23,movel,10,2,8,76.53284454345703,154.72665405273438,7.979000091552734,0.0,0.2619999945163727,0.3924999982118606
236,2021_1,24,movel,6,2,4,31.122175216674805,10.471936225891112,17.347999572753906,0.0,1.1349999904632568,1.6130000352859497
238,2021_1,25,movel,28,0,28,18.708480834960938,37.447872161865234,12.54300022125244,0.0,0.8109999895095825,0.7549999952316284
240,2021_1,26,movel,6,1,5,93.3438720703125,19.692800521850582,19.35999965667725,0.0,0.8624999970197678,0.9225000143051147
242,2021_1,27,movel,22,10,12,16.91354465484619,26.19417667388916,9.543499946594238,4.5,1.1490000188350675,8.405000030994415
244,2021_1,28,movel,9,0,9,21.132938861846924,12.672271966934204,35.491750717163086,3.0,15.753249898552896,1.4984999895095823
246,2021_1,29,movel,5,4,1,26.85171127319336,9.637887954711914,20.191750049591064,0.0,0.611749991774559,2.062000036239624
248,2021_1,30,movel,24,6,18,47.417816162109375,39.61179065704346,4.184749960899353,0.0,0.5050000101327896,0.401249997317791
250,2021_1,31,movel,7,0,7,28.43995475769043,54.20159912109375,10.960000038146973,0.5,0.901500016450882,0.2909999936819076
252,2021_1,32,movel,15,6,9,106.86220002174376,15.117919921875,29.779500007629395,0.0,3.9560000002384186,3.6769999861717215
254,2021_1,33,movel,5,3,2,116.14224004745483,124.93017578125,31.97024917602539,22.5,0.8140000104904175,9.792500019073486
256,2021_1,34,movel,13,0,13,64.30463981628418,25.18272018432617,24.452500343322757,0.0,0.8579999804496765,0.7649999856948853
258,2021_1,35,movel,10,0,10,2.9702401161193848,16.83897590637207,36.87350082397461,0.0,1.6480000019073486,0.944000005722046
260,2021_1,36,movel,13,2,11,87.1267318725586,63.980685234069824,8.44474983215332,0.0,0.3522499985992908,0.4605000093579292
262,2021_1,37,movel,15,2,13,129.358304977417,85.17324829101562,5.038999915122986,0.0,0.1835000030696392,0.1955000013113021
264,2021_1,38,movel,13,6,7,23.09084188938141,14.205743968486786,22.76000022888184,0.0,0.843999981880188,0.6475000083446503
266,2021_1,39,movel,4,0,4,8.643550872802734,6.991487979888916,7.957000017166138,1.5,0.9729999899864196,1.837499976158142
269,2021_1,41,movel,7,2,5,8.0020033121109,7.097599983215332,7.434749841690063,0.0,0.4527499936521053,2.727249950170517
271,2021_1,42,movel,19,2,17,11.3264582157135,8.21574380993843,35.963250160217285,0.5,1.564750000834465,2.2330000400543213
273,2021_1,43,movel,76,7,69,20.340991973876957,21.911231994628903,36.47249984741211,1.0,2.753999948501587,1.6880000233650208
275,2021_1,44,movel,16,0,16,58.96873283386231,35.12604761123657,9.073999881744385,0.5,0.612500011920929,3.351999998092652
277,2021_1,45,movel,1,0,1,3.561084985733032,14.440447807312012,100.60700225830078,7.0,3.378000020980835,2.937999963760376
279,2021_1,46,movel,28,7,21,29.87752246856689,30.93619155883789,22.407999992370605,0.0,0.5109999924898148,2.130000054836273
281,2021_1,47,movel,3,0,3,39.63232135772705,40.2524642944336,4.989500045776367,25.0,0.5774999856948853,0.755999967455864
283,2021_1,48,movel,36,2,34,37.42384958267212,48.83337450027466,10.107000350952148,0.0,0.8579999804496765,2.150500059127808
285,2021_1,49,movel,3,0,3,4.843776226043701,4.843776226043701,6.177999973297119,0.0,0.2660000026226043,0.1940000057220459
287,2021_1,50,movel,5,2,3,291.36004638671875,292.6257629394531,18.23550033569336,0.0,0.636000007390976,0.6740000247955322
292,2021_1,54,movel,1,0,1,,,54.45199966430664,0.0,1.2100000381469729,2.940000057220459
294,2021_1,55,movel,8,0,8,93.10592651367188,63.3060474395752,5.816499948501587,0.0,0.2434999942779541,1.4745000004768372
296,2021_1,56,movel,2,0,2,54.49967002868652,110.20434951782228,4.468999862670898,0.0,0.1099999994039535,0.1809999942779541
299,2021_1,58,movel,14,4,10,0.4908750057220459,11.21836757659912,5.876999855041504,0.0,0.6749999821186066,1.222000002861023
301,2021_1,59,movel,3,0,3,12.003840446472168,21.496320724487305,10.998000144958496,0.0,1.277999997138977,2.0460000038146973
303,2021_1,60,movel,16,0,16,158.01344299316406,26.21459197998047,7.071000099182129,100.0,0.7960000038146973,0.277999997138977
307,2021_1,63,movel,7,4,3,175.83647537231445,79.6087030172348,17.953999996185303,0.75,0.8812500163912773,3.1040000319480896
309,2021_1,64,movel,24,10,14,58.04362201690674,19.40899157524109,17.036500215530396,0.0,1.175249993801117,1.945499986410141
311,2021_1,65,movel,14,0,14,46.68016052246094,45.501953125,14.74250030517578,0.0,0.7110000252723694,2.02649998664856
313,2021_1,66,movel,16,7,9,62.407005310058594,59.909759521484375,7.389999866485596,0.0,0.3455000072717666,0.8749999850988388
315,2021_1,67,movel,30,13,17,29.85640239715576,25.722336053848267,14.377750158309937,0.0,0.4952499940991401,1.6644999980926514
317,2021_1,68,movel,12,4,8,19.08393383026123,21.940327644348145,17.620500087738037,0.0,0.8574999794363976,1.394500032067299
320,2021_1,70,movel,28,17,11,37.98289108276367,33.454800605773926,11.667999744415283,0.0,0.478999987244606,1.282749965786934
322,2021_1,71,movel,34,13,21,31.01826286315918,11.793279886245728,27.44225001335144,0.0,0.8859999924898148,1.7549999952316284
324,2021_1,72,movel,4,0,4,107.59822082519533,102.919677734375,7.535500049591064,0.0,0.3229999989271164,0.2865000069141388
326,2021_1,73,movel,1,0,1,47.11257553100586,48.9444465637207,10.614999771118164,0.0,1.7480000257492063,0.8199999928474426
328,2021_1,74,movel,1,0,1,24.378816604614254,29.291135787963867,13.99899959564209,0.0,0.4079999923706054,9.437999725341797
330,2021_1,75,movel,6,0,6,43.012489318847656,64.11488056182861,8.846500158309937,0.0,1.66799995303154,0.7514999806880951
332,2021_1,76,movel,59,23,36,24.98500633239746,25.02143955230713,8.530250191688538,0.0,0.4387500062584877,2.0300000309944157
334,2021_1,77,movel,7,5,2,94.1547508239746,26.19142436981201,20.24550008773804,0.0,0.7952499762177467,1.5745000541210177
336,2021_1,78,movel,1,0,1,0.5560320019721985,4.610432147979736,61.69200134277344,0.0,16.284000396728516,1.7860000133514404
338,2021_1,79,movel,2,2,0,,,14.55649995803833,0.0,0.6825000047683716,1.912999927997589
341,2021_1,81,movel,5,1,4,32.867573738098145,41.85753631591797,9.608500003814695,0.0,0.2414999902248382,4.086499929428101
343,2021_1,82,movel,26,16,10,29.186421513557438,34.34880065917969,17.92099952697754,0.0,0.4800000041723251,3.9670000076293945
345,2021_1,83,movel,19,2,17,33.65510559082031,19.78636741638184,6.035999774932861,0.0,0.9680000245571136,1.1050000190734863
347,2021_1,84,movel,5,2,3,33.48689651489258,27.889343738555908,13.29224967956543,1.5,0.3567499965429306,0.6347500085830688
349,2021_1,85,movel,6,0,6,167.41197204589844,26.2030086517334,40.84099960327149,100.0,1.116000056266785,5.334000110626221
351,2021_1,86,movel,11,3,8,98.00333976745604,118.17920207977296,22.438499927520752,0.0,0.4115000069141388,0.9859999716281892
353,2021_1,87,movel,4,2,2,64.39563751220703,82.19568252563477,18.634000062942505,0.0,1.332500010728836,2.6760000586509705
355,2021_1,88,movel,1,0,1,15.368413925170898,6.602880001068115,33.10200119018555,0.0,3.813999891281128,7.267000198364258
358,2021_1,90,movel,17,6,11,56.40192031860352,31.67833614349365,27.850250720977783,0.0,1.101749986410141,3.0094999372959137
360,2021_1,91,movel,21,8,13,68.1864538192749,39.61939239501953,8.169999599456787,0.0,0.2920000106096267,0.6340000033378601
362,2021_1,92,movel,6,2,4,60.40271759033203,106.42176055908205,11.643500089645386,0.0,0.355749998241663,1.1632499992847445
365,2021_1,94,movel,21,0,21,27.542572498321533,23.538984417915344,34.369998931884766,0.0,0.4239999949932098,1.409000039100647
367,2021_1,95,movel,8,1,7,52.84832382202149,46.36430358886719,6.753999948501587,0.0,0.3105000033974647,0.2860000059008598
369,2021_1,96,movel,18,0,18,36.08745622634888,36.10257577896118,7.657750129699707,0.0,0.5667500048875809,1.11524997651577
371,2021_2,01,movel,12,8,4,50.04380035400391,25.841087341308597,13.894000053405762,0.0,1.003000020980835,1.602500021457672
373,2021_2,02,movel,8,7,1,286.69713973999023,42.60508728027344,17.132500171661377,0.0,0.8505000174045563,2.419999957084656
375,2021_2,03,movel,1,0,1,1.203565001487732,28.491455078125,72.0469970703125,6.0,30.016000747680664,0.9300000071525574
377,2021_2,04,movel,11,8,3,102.55744171142578,19.60736083984375,18.98449993133545,0.0,1.1655000001192093,2.029500037431717
379,2021_2,05,movel,68,6,62,62.518781661987305,30.531935691833496,11.72950029373169,0.0,0.4657500013709068,1.2864999771118164
381,2021_2,06,movel,4,0,4,109.03655280172823,61.256094455718994,21.98350024223328,50.0,1.0789999961853027,0.6720000058412552
383,2021_2,07,movel,5,2,3,51.63340377807617,9.191424369812012,28.112000465393063,52.0,0.5920000039041042,13.067000046372414
385,2021_2,08,movel,2,1,1,324.24920654296875,18.18700790405273,36.35800075531006,0.0,1.995499968528748,4.439000070095062
387,2021_2,09,movel,7,6,1,84.85958099365234,69.30548667907715,32.96350049972534,27.75,15.459500148892404,0.4570000022649765
389,2021_2,10,movel,11,9,2,39.61540699005127,13.98694396018982,12.968500137329102,0.0,0.6227500140666962,1.6455000042915344
391,2021_2,11,movel,48,8,40,38.315521240234375,38.84294414520264,6.056000232696533,0.0,0.4040000140666961,0.6859999895095825
393,2021_2,12,movel,9,0,9,74.91471481323242,29.439775466918945,22.029500007629395,50.0,0.4455000013113022,11.40850019454956
395,2021_2,13,movel,23,21,2,26.694187879562374,66.07238578796387,11.96875,29.0,0.3419999927282333,0.3212499991059303
397,2021_2,14,movel,12,7,5,56.41408157348633,20.142303466796875,16.43600082397461,0.0,0.621999979019165,2.0350000858306885
399,2021_2,15,movel,12,11,1,36.772536277771,36.11792945861816,27.623499870300293,0.0,0.5147500038146973,2.658500075340271
401,2021_2,16,movel,4,3,1,82.50204086303711,22.91654348373413,13.38599967956543,0.0,0.4149999916553497,0.9904999732971193
403,2021_2,17,movel,77,13,64,25.18730735778809,21.38112068176269,16.86750030517578,2.0,1.0947500318288803,1.2945000231266022
405,2021_2,18,movel,47,30,17,40.23712158203125,25.544063568115234,15.239999771118164,0.0,0.7599999904632568,0.8679999709129333
407,2021_2,19,movel,27,1,26,40.69658660888672,22.219679832458496,9.611499786376951,0.0,0.4510000050067901,1.3450000286102295
409,2021_2,20,movel,10,1,9,111.14495849609376,104.50943756103516,10.417999982833862,0.0,0.5129999965429306,0.6849999874830246
411,2021_2,21,movel,41,13,28,45.44443893432617,86.136962890625,9.494000434875488,0.0,1.830000042915344,2.013000011444092
413,2021_2,22,movel,98,32,66,111.52108764648438,36.35116958618164,32.33749866485596,0.0,1.0115000009536743,0.956000030040741
415,2021_2,23,movel,45,6,39,72.37439727783203,46.099199295043945,7.921000003814697,0.0,0.5139999985694885,1.449999988079071
417,2021_2,24,movel,73,47,26,82.88674926757812,16.785792350769043,14.822499752044678,0.0,0.4805000051856041,1.2044999599456787
419,2021_2,25,movel,34,2,32,30.69696044921875,41.53289604187012,7.448750019073486,1.0,0.6785000264644623,0.2897499948740005
421,2021_2,26,movel,31,14,17,36.73044180870056,9.266767710447311,19.149500489234924,0.0,0.8659999966621399,2.012000024318695
423,2021_2,27,movel,5,0,5,88.2471604347229,70.83366298675537,7.391499996185303,50.0,0.919999986886978,10.26200008392334
425,2021_2,28,movel,33,20,13,98.3845443725586,35.23925590515137,8.300999641418457,0.0,0.7459999918937683,0.7319999933242798
427,2021_2,29,movel,4,2,2,31.189672470092773,22.412736892700195,16.323999881744385,0.0,1.1699999570846558,2.2780001163482666
429,2021_2,30,movel,30,1,29,30.813440322875977,42.58127975463867,8.395500183105469,0.0,0.7669999897480011,0.8729999959468842
431,2021_2,31,movel,26,6,20,27.147191047668457,39.71009534597397,6.863999843597412,0.0,0.4270000010728836,0.8340000286698341
433,2021_2,32,movel,7,5,2,18.57788133621216,26.62824058532715,13.847000122070312,0.0,0.8679999709129333,1.805999994277954
435,2021_2,33,movel,11,0,11,65.9317479133606,47.89900779724121,9.713500022888184,1.0,0.5779999941587448,0.6934999972581863
437,2021_2,34,movel,32,7,25,10.97125792503357,11.762704141438007,13.97474980354309,0.0,1.186250001192093,1.99099999666214
439,2021_2,35,movel,25,9,16,19.530383110046387,13.738239765167236,15.813000202178957,0.0,1.3834999799728394,2.678499937057495
441,2021_2,36,movel,13,4,9,93.25922393798828,145.56053161621094,6.302500009536743,0.0,0.3209999948740005,0.3459999896585941
443,2021_2,37,movel,25,4,21,47.8745231628418,34.94601631164551,9.36324977874756,0.0,0.5170000046491623,0.940500020980835
445,2021_2,38,movel,31,15,16,13.398383617401125,9.112319707870483,15.847000122070312,0.0,0.8274999856948853,0.7725000083446503
447,2021_2,39,movel,10,8,2,98.14358520507812,39.74936103820801,10.19950008392334,3.0,0.7360000014305115,1.7964999675750732
449,2021_2,40,movel,7,4,3,30.570624828338623,4.217408061027527,14.86400032043457,1.0,3.112999975681305,2.9205000400543213
451,2021_2,41,movel,14,4,10,61.432350158691406,49.717247009277344,16.79075002670288,0.0,0.6380000114440918,0.8562500029802322
453,2021_2,42,movel,25,18,7,24.74849510192871,31.888160705566406,8.648499965667725,0.0,0.4227499961853027,1.1110000014305117
455,2021_2,43,movel,74,5,69,25.462318897247314,28.20585536956787,7.936500072479248,0.0,0.4534999877214432,1.902999997138977
457,2021_2,44,movel,16,1,15,63.66735076904297,42.97113609313965,8.08299994468689,0.0,0.5619999915361404,0.7459999918937683
459,2021_2,45,movel,13,9,4,72.38502502441406,51.23539161682129,11.448750019073486,0.0,1.289249986410141,0.7699999809265137
461,2021_2,46,movel,41,12,29,72.93203926086426,32.192832469940186,15.529249668121338,0.0,0.3587500005960464,0.9784999936819077
463,2021_2,47,movel,31,3,28,57.889235496521,25.29908800125122,6.271500110626221,0.0,0.763250008225441,0.93299999833107
465,2021_2,48,movel,30,15,15,60.78667163848877,52.7511682510376,15.049999713897703,0.0,0.702500008046627,1.202000007033348
467,2021_2,49,movel,10,4,6,14.317824363708496,22.69440078735352,17.747000217437744,0.0,1.652999997138977,1.727000057697296
469,2021_2,50,movel,6,1,5,6.171780109405518,2.4499199390411377,51.29100036621094,0.0,3.4119999408721924,9.739999771118164
471,2021_2,51,movel,10,0,10,84.78720092773438,50.6879997253418,9.49775004386902,0.0,0.5087500065565109,0.9902500063180923
474,2021_2,53,movel,6,5,1,151.97796630859375,22.98265647888184,20.20400047302246,0.0,0.4160000085830688,1.059999942779541
476,2021_2,54,movel,3,0,3,36.13452053070069,32.5152153968811,23.515750408172607,0.25,0.7482500001788139,2.774250004440546
478,2021_2,55,movel,13,5,8,34.70975875854492,40.494720458984375,6.76800012588501,0.0,0.4599999934434891,1.5759999752044678
480,2021_2,56,movel,6,1,5,22.75972557067871,14.538320362567902,8.892750024795532,0.0,0.546999990940094,1.8112500309944155
482,2021_2,57,movel,2,2,0,11.269481658935549,29.87680053710937,49.889498233795166,0.0,1.895000010728836,4.066499888896942
484,2021_2,58,movel,23,0,23,24.23079538345337,20.437535762786865,6.256750106811523,1.0,0.5552500039339066,0.5160000026226044
486,2021_2,59,movel,63,44,19,37.15639114379883,10.372991561889648,18.280999660491943,0.0,0.5262500047683716,1.2322500348091123
488,2021_2,60,movel,14,3,11,28.147390842437744,55.37196826934815,11.41800022125244,25.0,1.012000024318695,3.1040000915527344
490,2021_2,61,movel,5,2,3,26.111381769180294,19.440864086151123,11.854499816894531,0.0,0.4619999974966049,1.2709999978542328
492,2021_2,62,movel,44,31,13,89.22811126708984,79.01787185668945,10.701000094413756,0.0,0.6480000019073486,0.9425000250339508
494,2021_2,63,movel,12,9,3,42.46608257293701,36.241920471191406,9.253999710083008,0.0,0.210999995470047,0.9639999866485596
496,2021_2,64,movel,41,2,39,22.9039363861084,10.692864418029783,28.512250185012817,1.0,1.588000040501356,0.9474999904632568
498,2021_2,65,movel,15,1,14,47.10359954833984,10.327296257019045,10.34000015258789,0.0,0.5210000276565552,1.9880000352859497
500,2021_2,66,movel,21,8,13,24.688695907592773,19.298943519592285,10.945000171661375,0.0,0.5089999884366989,1.1115000247955322
502,2021_2,67,movel,10,7,3,43.87021106481552,52.25046348571777,5.955000162124634,0.0,0.3720000088214874,1.3949999809265137
504,2021_2,68,movel,31,8,23,28.1447868347168,27.13541603088379,10.541999816894531,0.0,0.7270000129938126,1.190999984741211
506,2021_2,69,movel,3,2,1,66.33464050292969,72.56524658203125,7.579999923706055,0.0,0.5860000252723694,1.1890000104904177
508,2021_2,70,movel,45,8,37,31.33645749092102,24.284800052642822,8.135250210762024,0.0,0.5805000066757202,0.7460000067949295
510,2021_2,71,movel,29,8,21,48.34815979003906,42.56591987609863,7.0665000677108765,0.0,0.6854999959468842,0.8439999967813492
512,2021_2,72,movel,3,3,0,7.694602966308594,2.2071681022644043,37.25699996948242,0.0,1.1419999599456787,3.802999973297119
514,2021_2,73,movel,10,6,4,81.16536140441895,23.87657642364502,9.660500049591064,26.5,0.2410000041127205,0.828000009059906
516,2021_2,74,movel,2,1,1,236.88470458984372,146.16492652893066,16.72800040245056,0.0,0.3355000019073486,0.6439999863505363
518,2021_2,75,movel,31,22,9,12.695178985595703,28.215744018554688,25.944249153137207,0.0,0.2957500033080578,0.5269999951124191
520,2021_2,76,movel,75,37,38,44.48185157775879,47.30188751220703,9.03849983215332,1.5,0.6197499930858612,0.4272499978542328
522,2021_2,77,movel,34,4,30,52.66463851928711,35.73427200317383,16.447999954223633,0.0,0.6330000162124634,0.7929999828338623
524,2021_2,78,movel,2,0,2,22.67277717590332,6.584768235683441,85.10249900817871,0.0,0.8614999651908875,1.128499984741211
526,2021_2,79,movel,30,30,0,140.94931030273438,24.05894470214844,13.967000007629396,0.0,0.4460000097751617,1.3359999656677246
528,2021_2,80,movel,10,3,7,27.315845489501957,9.953760147094728,18.919750213623047,0.0,0.7177500128746033,3.3054999709129333
530,2021_2,81,movel,23,22,1,35.8509578704834,101.69471740722656,12.6899995803833,0.0,0.8619999885559082,3.097499966621399
532,2021_2,82,movel,39,13,26,42.72420883178711,17.58724856376648,19.458000421524048,0.0,1.0150000154972076,1.5782500207424164
534,2021_2,83,movel,30,12,18,30.69455909729004,22.688064575195312,9.595000267028809,0.0,0.8554999828338623,1.9459999799728396
536,2021_2,84,movel,15,9,6,100.17801666259766,31.01042366027832,9.492499828338625,0.0,0.2650000005960464,0.9065000116825104
538,2021_2,85,movel,153,87,66,35.96787405014038,23.411264419555664,15.486000061035156,0.0,0.6344999969005585,1.1929999589920044
540,2021_2,86,movel,7,3,4,62.9395227432251,19.159776210784912,10.688499927520752,0.0,1.2184999585151672,1.0785000026226044
542,2021_2,87,movel,21,7,14,33.52519989013672,22.413887977600098,10.869999885559082,0.0,0.4040000140666961,1.5479999780654907
544,2021_2,88,movel,6,5,1,1.5897599458694458,4.685887813568115,13.639999866485596,0.0,0.8089999854564667,2.118000030517578
546,2021_2,89,movel,12,11,1,26.03665351867676,8.847999572753906,12.0455002784729,0.0,1.1779999732971191,1.9839999675750728
548,2021_2,90,movel,15,8,7,42.132568359375,11.472384452819824,12.414999961853027,0.0,1.0470000505447388,0.8659999966621399
550,2021_2,91,movel,23,10,13,43.93644714355469,30.28550338745117,15.030499935150146,0.0,1.5490000024437904,0.5627499967813492
552,2021_2,92,movel,4,4,0,18.72800064086914,9.653279781341553,22.506999969482425,0.0,1.381999969482422,3.755000114440918
554,2021_2,93,movel,13,13,0,135.4855842590332,73.43671894073486,10.96875,0.0,0.4852499961853027,1.902999997138977
556,2021_2,94,movel,27,11,16,36.908159255981445,12.950112134218216,16.28350019454956,0.0,0.5552500039339066,1.7319999933242798
558,2021_2,95,movel,5,1,4,29.325109034776688,51.59807997941971,30.919000148773197,25.0,1.8699999749660488,6.99400007724762
560,2021_2,96,movel,20,5,15,63.19845581054688,69.38937759399414,8.413000106811523,0.0,0.328000009059906,0.7240000069141388
562,2022_1,01,movel,19,14,5,47.592384338378906,27.803391456604004,18.89299964904785,0.0,1.0499999523162842,1.6260000467300415
564,2022_1,02,movel,1,1,0,29.146623611450195,100.27366638183594,10.614999771118164,0.0,0.1480000019073486,3.871999979019165
567,2022_1,04,movel,1,1,0,201.93536376953125,100.78591918945312,8.75100040435791,0.0,0.3079999983310699,0.5199999809265137
569,2022_1,05,movel,12,5,7,61.9432430267334,10.989887714385986,17.9375,0.0,0.8350000083446503,1.7907499969005585
571,2022_1,06,movel,5,4,1,139.71543836593628,24.79827618598938,19.489749670028687,0.0,1.0319999679923058,1.4647499918937683
573,2022_1,07,movel,10,2,8,44.42500972747803,18.12638384103775,21.04124975204468,4.75,1.780000001192093,2.9180000126361847
575,2022_1,08,movel,40,15,25,163.9434356689453,26.675040245056152,7.214000225067139,0.0,0.356000006198883,0.7080000042915344
577,2022_1,09,movel,1,0,1,0.959999978542328,0.4147199988365173,43.729000091552734,0.0,2.7679998874664307,4.478000164031982
579,2022_1,10,movel,11,4,7,33.19132471084595,93.00318670272829,11.437000274658203,0.0,1.003999948501587,1.5260000228881836
581,2022_1,11,movel,26,0,26,41.33030891418457,29.15404891967773,5.824999809265137,0.0,0.3980000019073486,0.8080000281333923
583,2022_1,12,movel,9,6,3,50.69982051849365,54.51284122467041,6.685500144958496,1.25,0.8689999841153622,0.554249994456768
585,2022_1,13,movel,63,15,48,44.50362205505371,28.2172794342041,15.105999946594238,0.0,0.4310000091791153,1.462000012397766
587,2022_1,14,movel,3,1,2,23.38878059387207,8.659392356872559,29.214000701904297,0.0,2.0390000343322754,4.9070000648498535
589,2022_1,15,movel,11,6,5,50.678802490234375,108.81795120239258,6.744999885559082,0.0,0.402999997138977,0.7569999992847443
591,2022_1,16,movel,20,3,17,93.24019694328308,30.79918360710144,14.998499870300291,0.0,1.878750041127205,2.56574995815754
593,2022_1,17,movel,92,29,63,28.235924243927,35.10464096069336,11.986999988555908,0.0,0.534000001847744,2.1552500128746037
595,2022_1,18,movel,36,25,11,31.272157669067383,37.29935836791992,11.133000373840332,0.0,0.2680000066757202,0.7860000133514404
597,2022_1,19,movel,40,6,34,46.00618743896485,31.04472041130066,6.501000165939331,0.0,0.3742499873042106,0.5139999836683273
599,2022_1,20,movel,3,3,0,58.78336584568024,25.71285630017519,22.12575054168701,0.5,1.387749969959259,5.697750151157379
601,2022_1,21,movel,12,6,6,165.05227947235107,31.04748916625977,19.94750022888184,0.0,0.9090000092983246,2.160999953746796
603,2022_1,22,movel,67,37,30,92.66006469726562,35.73855972290039,13.647000312805176,0.0,0.4690000116825104,1.2000000476837158
605,2022_1,23,movel,12,6,6,109.72003173828124,68.19990348815918,8.858500003814697,0.0,0.3999999910593033,1.184499979019165
607,2022_1,24,movel,20,16,4,222.8604736328125,42.57427215576172,7.218500137329102,0.0,0.2590000033378601,1.5980000495910645
609,2022_1,25,movel,12,0,12,19.044443130493164,49.44307327270508,7.445000171661377,0.0,0.3244999945163727,0.2939999997615814
611,2022_1,26,movel,75,20,55,127.08047103881836,34.40908718109131,18.91700041294098,0.0,0.7135000042617321,1.4139999747276306
613,2022_1,27,movel,13,1,12,127.71492004394533,48.21786785125733,10.10349988937378,0.0,0.7800000011920929,2.673500031232834
615,2022_1,28,movel,7,0,7,16.845937728881836,15.468095779418944,15.937000274658203,0.0,25.940000534057617,1.0770000219345093
617,2022_1,29,movel,13,2,11,121.38184356689452,101.18352127075195,7.400000095367432,0.0,0.4354999959468841,0.800000011920929
619,2022_1,30,movel,22,5,17,24.732413291931152,23.487744331359863,8.515000343322754,0.0,0.9900000095367432,1.5695000290870669
621,2022_1,31,movel,13,4,9,47.25120067596436,64.24316883087158,8.95799970626831,0.0,0.4019999951124191,0.4000000059604645
623,2022_1,32,movel,3,1,2,30.39808464050293,14.051520347595217,8.937000274658203,0.0,0.515999972820282,1.7029999494552612
625,2022_1,33,movel,82,3,79,29.99942398071289,34.42239952087402,13.368000030517578,0.5,0.7105000019073486,1.4950000047683716
627,2022_1,34,movel,10,7,3,12.181418418884276,23.53868865966797,15.743000030517578,0.0,0.9980000257492064,1.0850000381469729
629,2022_1,35,movel,69,16,53,26.84386444091797,27.037440299987797,14.263999938964844,0.0,0.635000005364418,1.562000036239624
631,2022_1,36,movel,3,2,1,147.43814086914062,156.6089630126953,10.5600004196167,0.0,0.4580000042915344,0.5580000281333923
633,2022_1,37,movel,12,3,9,48.75526428222656,43.07411193847656,4.045499920845032,0.0,0.25,0.3349999934434891
635,2022_1,38,movel,27,15,12,55.11449813842773,91.50624084472656,19.08650016784668,0.0,0.2879999876022339,4.004999876022339
637,2022_1,39,movel,3,1,2,17.83890724182129,23.330175399780277,20.4060001373291,0.0,1.399999976158142,9.432000160217283
639,2022_1,40,movel,2,0,2,10.658063650131226,11.363903999328612,27.2524995803833,0.0,2.76800000667572,9.32450020313263
641,2022_1,41,movel,8,2,6,154.35482740402222,92.84771060943604,20.26474952697754,4.25,1.382499948143959,4.2170000076293945
643,2022_1,42,movel,5,1,4,69.19137525558472,66.26431846618652,6.20550012588501,0.0,0.2765000015497207,0.4050000011920929
645,2022_1,43,movel,46,31,15,47.4522705078125,41.66487121582031,9.118500232696531,0.0,0.7849999964237213,1.251499980688095
647,2022_1,44,movel,2,1,1,0.8524554967880249,54.81790518760681,31.042500495910645,7.0,5.810999765992165,2.24399995803833
649,2022_1,45,movel,4,2,2,30.01620483398437,36.27859115600586,11.5,1.5,1.1260000467300415,1.9080000519752505
651,2022_1,46,movel,22,10,12,25.733731269836422,30.49824047088623,34.17550039291382,0.0,0.5515000224113464,0.9189999997615814
653,2022_1,47,movel,14,5,9,67.2560019493103,42.94928741455078,5.670750021934509,0.0,0.3477500006556511,0.3467499911785126
655,2022_1,48,movel,22,19,3,126.07442474365234,34.68326568603516,21.800999641418457,0.0,0.9189999997615814,1.1059999465942385
657,2022_1,49,movel,2,0,2,69.52716827392578,69.06380462646484,24.209500551223755,2.0,0.273499995470047,15.515500485897064
659,2022_1,50,movel,5,3,2,68.55055236816406,20.35259222984314,12.727999925613403,0.0,1.7650000154972076,1.641999989748001
661,2022_1,51,movel,18,5,13,62.85828304290772,31.402271151542664,12.039000034332275,0.0,0.4139999896287918,0.9355000108480452
663,2022_1,52,movel,3,0,3,37.82592010498047,77.62620544433594,,100.0,,
665,2022_1,53,movel,1,0,1,124.5010757446289,103.84416198730467,9.970999717712402,0.0,0.3420000076293945,0.2509999871253967
667,2022_1,54,movel,3,2,1,78.412910759449,13.1394880451262,25.619000911712646,0.0,0.3500000089406967,0.9712500274181366
669,2022_1,55,movel,18,0,18,15.721294403076172,24.000959396362305,8.355999946594238,0.0,0.5834999829530716,1.5490000247955322
671,2022_1,56,movel,1,0,1,0.0257789995521307,6.023680210113525,14.225000381469728,1.5,0.8450000286102295,2.463000059127808
673,2022_1,57,movel,14,14,0,92.1440544128418,50.892799377441406,8.59125018119812,0.0,0.3724999986588955,2.928250014781952
675,2022_1,58,movel,40,4,36,38.67879676818848,26.76643180847168,6.0644999742507935,0.0,0.5819999948143959,0.6709999889135361
677,2022_1,59,movel,34,9,25,43.977821350097656,11.352319717407228,14.720000267028809,0.0,0.6390000134706497,1.1330000162124634
679,2022_1,60,movel,13,7,6,18.137094020843502,24.40169668197632,29.738500833511356,0.0,1.6829999387264252,4.12049987912178
682,2022_1,62,movel,25,12,13,44.8984911441803,33.84704089164734,16.519999980926514,0.0,0.8529999852180481,2.0094999372959137
684,2022_1,63,movel,11,4,7,44.98771286010742,22.00262451171875,27.51300048828125,0.0,1.52400004863739,5.885000228881836
686,2022_1,64,movel,31,8,23,117.0237764120102,43.286359786987305,13.158249974250792,0.0,0.8349999785423279,0.8895000219345093
688,2022_1,65,movel,8,3,5,75.12073278427124,33.19559097290039,14.619749546051024,0.5,0.7670000195503235,1.185749977827072
690,2022_1,66,movel,2,0,2,2.8917754888534546,1.8665439989417791,17.64949941635132,0.0,3.6649999618530273,5.685499906539917
692,2022_1,67,movel,16,15,1,27.05849552154541,28.551496028900143,15.164000034332275,0.0,0.8857499957084656,1.8170000314712524
694,2022_1,68,movel,16,15,1,27.409504652023315,30.78768014907837,20.06599998474121,0.0,0.9887499809265136,2.802999973297119
696,2022_1,69,movel,12,11,1,96.19299793243408,28.718372344970703,20.9084997177124,0.0,0.5609999895095825,1.587499976158142
698,2022_1,70,movel,30,24,6,54.2597541809082,31.324607849121094,10.538999557495115,0.0,0.5064999908208847,1.6200000047683716
700,2022_1,71,movel,26,14,12,31.31710916757584,23.682080268859863,22.17249965667725,0.0,1.6720000505447388,2.5769999623298645
702,2022_1,72,movel,5,4,1,57.453057289123535,39.43411159515381,20.78950047492981,0.0,1.2339999750256538,2.9254998937249184
704,2022_1,73,movel,6,2,4,44.19771957397461,23.442720413208008,10.469499826431274,0.0,0.5310000032186508,1.2505000233650208
706,2022_1,74,movel,6,1,5,2.670106053352356,0.5442239940166473,48.24250030517578,0.5,1.425999939441681,1.6509999632835388
708,2022_1,75,movel,3,3,0,235.3110809326172,100.74886322021484,8.414999961853027,0.0,0.1650000065565109,0.1780000030994415
710,2022_1,76,movel,23,18,5,55.61394262313843,40.080183029174805,6.081249833106995,0.0,0.3084999918937683,0.5632499903440475
712,2022_1,77,movel,33,22,11,42.64941787719727,26.03529644012451,13.447999954223633,0.0,0.5550000071525574,1.1610000133514404
714,2022_1,78,movel,2,1,1,2.8369500637054443,1.6433919668197632,42.03899955749512,0.0,1.6269999742507937,6.233999967575073
716,2022_1,79,movel,12,10,2,23.488516330718998,31.15324878692627,32.512001037597656,1.0,2.0100000202655792,1.6715000569820404
718,2022_1,80,movel,14,9,5,34.151976108551025,32.2539849281311,9.305500149726868,0.0,0.5970000065863132,1.376749962568283
720,2022_1,81,movel,21,8,13,28.5613431930542,30.856000900268555,7.236499786376953,0.0,0.2954999953508377,1.8339999914169312
722,2022_1,82,movel,30,28,2,25.88347291946411,23.56154441833496,14.683000087738035,0.0,0.4722499921917915,1.9880000352859497
724,2022_1,83,movel,10,9,1,19.979022979736328,37.904831886291504,13.146750211715698,0.0,0.8907500207424164,1.5160000026226044
726,2022_1,84,movel,8,5,3,41.675801277160645,28.22870421409607,17.41475009918213,0.25,0.7114999890327454,0.948749989271164
728,2022_1,85,movel,23,4,19,79.51919269561768,102.21727752685548,13.82075023651123,0.25,0.5882500037550926,0.5270000025629997
730,2022_1,86,movel,10,6,4,23.774184942245483,31.572160720825195,14.845750093460085,0.0,0.6949999928474426,1.0552500039339066
732,2022_1,87,movel,2,1,1,82.75263595581055,206.9626007080078,5.597499847412109,0.0,0.2384999990463256,0.2320000007748603
734,2022_1,88,movel,16,8,8,40.63890361785889,26.794991493225098,12.902750372886658,0.0,0.496749997138977,1.695250004529953
737,2022_1,90,movel,22,6,16,31.882142066955566,10.43718433380127,19.467000007629395,0.0,1.0290000140666962,2.2660000324249268
739,2022_1,91,movel,19,5,14,45.53094100952149,35.12268829345703,6.607999801635742,0.0,0.3365000039339065,0.4369999915361404
742,2022_1,93,movel,16,13,3,77.25988006591797,55.0195198059082,8.12999963760376,0.0,0.2320000007748603,1.1869999766349792
744,2022_1,94,movel,28,18,10,54.7691535949707,27.943103790283203,20.177000045776367,0.0,0.7879999876022339,1.503999948501587
746,2022_1,95,movel,13,13,0,37.67397499084473,36.40879964828491,9.175750136375427,0.0,0.6299999952316284,1.744749989360571
748,2022_1,96,movel,14,1,13,15.071231842041016,15.58937644958496,11.255000114440918,0.0,0.2989999949932098,1.0859999656677246
750,2022_2,01,movel,39,10,29,35.857065200805664,33.53910446166992,12.743499755859377,0.0,0.4662500023841858,0.5455000102519989
752,2022_2,02,movel,12,6,6,61.919310569763184,33.59648036956787,23.567999839782715,0.0,0.9465000182390212,1.986999988555908
754,2022_2,03,movel,28,8,20,23.84004259109497,30.02227210998535,7.80649995803833,0.0,0.4985000044107437,0.6724999845027924
756,2022_2,04,movel,53,48,5,21.64080047607422,16.414464950561523,23.573999404907227,0.0,0.912999987602234,0.944000005722046
758,2022_2,05,movel,24,18,6,15.283137798309326,25.18496036529541,22.81725001335144,0.0,0.4385000020265579,1.737500011920929
760,2022_2,06,movel,105,42,63,30.71308708190918,21.41747283935547,24.356000900268555,0.0,0.8510000109672546,1.2400000095367432
762,2022_2,07,movel,81,46,35,30.66892004013061,25.40563201904297,16.960000038146973,0.0,0.6727500110864639,1.0410000085830688
764,2022_2,08,movel,41,33,8,24.055595874786377,27.85952043533325,15.64799976348877,0.0,0.6060000061988831,1.6779999732971191
766,2022_2,09,movel,7,6,1,17.568190574645996,4.119583964347839,35.983001708984375,0.0,0.9549999833106996,7.382999897003174
768,2022_2,10,movel,23,17,6,18.017568349838257,31.292160034179688,15.750750064849854,0.0,1.1949999928474426,0.970500022172928
770,2022_2,11,movel,143,60,83,21.388647079467773,29.12704086303711,9.369249939918518,0.0,0.3317499980330467,0.6035000085830688
772,2022_2,12,movel,118,52,66,21.463802337646484,33.163713455200195,15.234000205993652,0.0,1.0750000476837158,1.8754999786615367
774,2022_2,13,movel,40,35,5,16.907776832580566,17.33883571624756,23.53749942779541,0.0,0.5100000202655792,0.5305000096559525
776,2022_2,14,movel,12,11,1,36.96102046966553,31.701600074768063,21.35374975204468,0.0,0.4720000028610229,1.5179999768733978
778,2022_2,15,movel,131,71,60,30.126765251159668,38.92141532897949,18.36300039291382,0.0,0.4884999990463257,0.9964999854564668
780,2022_2,16,movel,74,53,21,20.121574878692627,11.49132776260376,19.82999992370605,0.0,0.7459999918937683,1.6139999628067017
782,2022_2,17,movel,113,40,73,18.896055221557617,22.8559353351593,19.941999435424805,0.0,0.3740000128746032,0.6819999814033508
784,2022_2,18,movel,78,60,18,19.49555730819702,24.210559844970703,23.741999626159668,0.0,0.8964999914169312,1.0557499825954435
786,2022_2,19,movel,82,42,40,14.524573802947998,20.932896614074707,24.150999069213867,0.0,0.5960000157356262,0.7704999893903732
788,2022_2,20,movel,24,19,5,33.81589126586914,45.28865623474121,19.179749727249146,0.0,0.4852500036358833,1.9982499852776527
790,2022_2,21,movel,69,25,44,20.36070442199707,21.9801607131958,15.108500003814695,0.0,0.699999988079071,3.161000043153763
792,2022_2,22,movel,122,88,34,29.63249969482422,31.012800216674805,12.12999987602234,0.0,0.439750000834465,0.8277499973773956
794,2022_2,23,movel,61,37,24,22.00768804550171,25.735743522644043,24.74400043487549,0.0,0.4449999928474426,0.7810000106692314
796,2022_2,24,movel,93,62,31,15.994379043579102,22.852031707763672,27.752500534057617,0.0,0.7630000114440918,1.218000054359436
798,2022_2,25,movel,95,32,63,17.017137050628662,25.30496025085449,24.05299949645996,0.0,0.7979999780654907,0.8490000069141388
800,2022_2,26,movel,37,25,12,32.21154356002808,28.617119140923023,21.218000411987305,0.0,0.7799999713897705,1.5390000343322754
802,2022_2,27,movel,99,35,64,21.91777229309082,15.055871963500977,21.90399932861328,0.0,0.9449999928474426,0.6410000026226044
804,2022_2,28,movel,36,27,9,22.439096450805664,26.332319736480716,21.125500202178955,0.0,0.4169999994337559,0.9552499949932098
806,2022_2,29,movel,45,15,30,30.029823303222656,41.30495834350586,14.845000267028809,0.0,0.3109999895095825,1.209499977529049
808,2022_2,30,movel,184,105,79,17.646240234375,18.173952102661133,23.85999965667725,0.0,0.5602499842643738,0.9815000146627426
810,2022_2,31,movel,21,12,9,28.116567611694336,42.24196815490723,8.871000289916992,0.0,0.2520000040531158,0.4120000004768371
812,2022_2,32,movel,58,41,17,27.10655975341797,30.479232788085938,18.73900032043457,0.0,0.7849999964237213,1.2055000066757202
814,2022_2,33,movel,51,30,21,23.02479553222656,30.921920776367188,9.267999649047852,0.0,0.5360000133514404,0.7120000123977661
816,2022_2,34,movel,42,38,4,15.011136054992676,20.67743968963623,21.26300001144409,0.0,0.5220000147819519,1.1720000505447388
818,2022_2,35,movel,156,73,83,19.24212646484375,14.392991840839386,24.174999237060547,0.0,0.8479999899864197,1.6699999570846558
820,2022_2,36,movel,84,29,55,16.616278171539307,19.69484806060791,18.222000122070312,0.0,0.4519999921321869,1.1080000400543213
822,2022_2,37,movel,82,64,18,18.032072067260746,18.374399185180664,24.15999984741211,0.0,0.4769999980926513,0.7560000121593475
824,2022_2,38,movel,102,64,38,16.667509078979492,24.51590347290039,23.38599967956543,0.0,0.875,1.595499962568283
826,2022_2,39,movel,17,16,1,17.199039459228516,26.33868789672852,15.323500394821169,0.0,0.3675000071525574,1.105999976396561
828,2022_2,40,movel,13,8,5,37.351680755615234,43.258880615234375,8.96399974822998,0.0,1.995000004768372,0.6169999837875366
830,2022_2,41,movel,44,30,14,36.69733428955078,29.23801612854004,20.867499351501465,0.0,0.9980000257492064,1.5119999647140503
832,2022_2,42,movel,64,42,22,17.03306770324707,21.87695980072021,22.617000579833984,0.0,0.7099999785423279,1.4220000505447388
834,2022_2,43,movel,288,134,154,16.79919147491455,22.377599716186523,10.80424988269806,0.0,0.5842500030994415,1.0710000097751615
836,2022_2,44,movel,58,30,28,18.933332443237305,24.03071975708008,8.899499893188477,0.0,0.4139999970793724,0.5900000035762787
838,2022_2,45,movel,25,19,6,12.65395164489746,11.743871688842772,18.881999969482425,0.5,0.906000018119812,1.6200000047683716
840,2022_2,46,movel,104,64,40,16.183516263961792,22.53340768814087,24.66699981689453,0.0,0.6369999945163727,0.8519999980926514
842,2022_2,47,movel,38,30,8,17.570112228393555,18.164159774780277,24.41849994659424,0.0,0.4909999966621399,1.35099995136261
844,2022_2,48,movel,99,68,31,40.36315155029297,32.52943992614746,19.368499994277958,0.0,0.8232499957084656,1.1079999804496763
846,2022_2,49,movel,57,41,16,20.380416870117188,22.265376091003414,19.241000175476078,0.0,0.8630000054836273,1.6949999928474426
848,2022_2,50,movel,55,41,14,15.488610982894896,22.765439987182617,22.05599975585937,0.0,0.8930000066757202,2.2255001068115234
850,2022_2,51,movel,24,16,8,31.90359401702881,27.171247959136963,15.780250072479248,0.0,0.7720000147819519,1.22325000166893
852,2022_2,52,movel,2,0,2,27.874228477478027,37.10515308380127,7.925500154495239,1.0,0.1644999980926513,0.3770000040531158
854,2022_2,53,movel,17,12,5,16.155025959014893,9.68220829963684,28.89150047302246,0.0,0.8630000352859497,3.3434999585151672
856,2022_2,54,movel,29,21,8,22.66671562194824,13.742944240570068,30.454500198364254,0.0,1.0490000247955322,1.3544999957084656
858,2022_2,55,movel,89,29,60,21.810811042785645,34.90252685546875,9.435999870300291,0.0,0.3735000044107437,1.253999948501587
860,2022_2,56,movel,21,20,1,19.50978422164917,17.807583689689636,24.815000534057617,0.0,0.3779999911785126,3.0789999961853027
862,2022_2,57,movel,55,25,30,18.804094314575195,24.455663681030277,16.594249725341797,0.375,0.5384999960660934,2.0470000505447388
864,2022_2,58,movel,124,35,89,21.269760131835938,18.27071952819824,24.35700035095215,0.0,0.4020000100135803,0.5479999780654907
866,2022_2,59,movel,72,60,12,26.551220417022705,25.041407585144043,24.90900039672852,0.0,0.7289999723434448,0.8650000095367432
868,2022_2,60,movel,79,30,49,25.571448802948,25.808544158935547,21.47900009155273,0.0,0.81700000166893,1.4459999799728394
870,2022_2,61,movel,33,20,13,16.281582355499268,13.359647750854492,24.65549945831299,0.0,0.4589999914169311,1.02400004863739
872,2022_2,62,movel,53,35,18,23.783472061157227,25.25657558441162,23.822999954223636,0.0,0.8840000033378601,1.2559999823570251
874,2022_2,63,movel,79,58,21,22.875609397888184,22.90776014328003,15.318999886512756,0.0,0.3800000101327896,1.6934999823570251
876,2022_2,64,movel,21,15,6,19.885713577270508,12.163200378417969,25.863000869750977,0.0,0.777999997138977,1.305999994277954
878,2022_2,65,movel,71,62,9,28.948415756225582,27.417600631713867,12.928000450134276,0.0,0.5400000214576721,1.406000018119812
880,2022_2,66,movel,68,45,23,15.461151123046877,15.37881624698639,27.6274995803833,0.0,0.9659999907016754,1.0949999690055847
882,2022_2,67,movel,54,45,9,20.106239318847656,26.514240264892575,24.51000022888184,0.0,0.8330000042915344,0.984000027179718
884,2022_2,68,movel,98,76,22,26.50804710388184,25.247039794921875,19.71399974822998,0.0,0.6520000100135803,1.802249982953072
886,2022_2,69,movel,39,25,14,41.34504699707031,31.827744483947757,20.992000579833984,0.0,0.7319999933242798,1.2059999704360962
888,2022_2,70,movel,195,175,20,19.454749584198,21.570432662963867,25.042999267578125,0.0,0.7789999842643738,1.5859999656677246
890,2022_2,71,movel,75,60,15,23.96243190765381,18.13798427581787,27.59199905395508,0.0,1.1069999933242798,1.0499999523162842
892,2022_2,72,movel,121,112,9,18.982767581939697,19.79654359817505,23.7160005569458,0.0,0.4759999960660934,1.3230000138282776
894,2022_2,73,movel,49,28,21,20.19371795654297,25.731712341308597,13.003499984741213,0.0,0.5574999749660492,1.022000014781952
896,2022_2,74,movel,53,41,12,15.906725406646729,9.331968307495115,24.33699989318848,0.0,0.5049999952316284,0.6679999828338623
898,2022_2,75,movel,23,6,17,13.964544296264648,14.561280250549316,10.194000244140623,0.0,1.0130000114440918,1.5309999585151672
900,2022_2,76,movel,83,63,20,23.81861972808838,35.5544319152832,15.547500133514404,0.0,0.734499990940094,0.6035000085830688
902,2022_2,77,movel,157,123,34,28.021491527557373,20.16975569725037,20.10100030899048,0.0,0.7047499865293503,1.1100000217556951
904,2022_2,78,movel,27,18,9,9.28490161895752,12.686352252960203,31.016000747680664,0.0,1.1894999742507937,2.124000072479248
906,2022_2,79,movel,21,18,3,18.359952926635746,11.698176383972168,28.72375011444092,0.0,0.8372500091791153,2.185499906539917
908,2022_2,80,movel,47,34,13,14.167255997657776,20.38412857055664,24.683249950408936,0.0,0.7875000238418579,1.5600000023841858
910,2022_2,81,movel,40,22,18,25.930750846862797,30.053119659423828,22.774750232696533,0.0,0.4859999865293503,1.6960000097751615
912,2022_2,82,movel,32,22,10,38.33260917663574,33.38889503479004,18.510499954223636,0.0,0.5219999849796295,1.6579999923706057
914,2022_2,83,movel,76,54,22,33.670337438583374,27.573344707489014,20.34649991989136,0.0,0.9485000371932985,1.5925000309944153
916,2022_2,84,movel,19,12,7,21.15724754333496,24.19603157043457,22.01550006866455,0.0,0.6669999957084656,1.6255000233650208
918,2022_2,85,movel,12,11,1,32.936758518218994,32.42354345321655,22.939000606536865,0.0,0.8867499753832817,2.2990000396966934
920,2022_2,86,movel,80,67,13,18.39263916015625,26.86924743652344,21.07900047302246,0.0,0.6970000267028809,1.4880000352859497
922,2022_2,87,movel,26,22,4,22.592063903808597,28.67340850830078,15.619999885559082,0.0,0.25,0.6200000047683716
924,2022_2,88,movel,32,23,9,23.24123287200928,27.571695804595947,13.497250080108644,0.0,0.6465000212192535,1.2404999881982803
926,2022_2,89,movel,28,15,13,25.61532974243164,18.834880828857425,12.67199993133545,0.0,0.625,0.8920000195503235
928,2022_2,90,movel,97,82,15,25.71014404296875,17.66169548034668,23.18199920654297,0.0,0.7184999883174896,2.5855000019073486
930,2022_2,91,movel,47,43,4,34.877471923828125,38.98419189453125,22.572999954223636,0.0,0.9639999866485596,2.24399995803833
932,2022_2,92,movel,33,29,4,21.291964530944824,27.626784324646,23.893999099731445,0.0,0.7269999980926514,1.565999984741211
934,2022_2,93,movel,24,16,8,13.813482284545898,14.391103744506836,29.703500747680664,0.0,0.9090000092983246,2.292000025510788
936,2022_2,94,movel,106,91,15,27.345308303833008,18.59712028503418,24.163249969482425,0.0,0.6940000057220459,1.55349999666214
938,2022_2,95,movel,39,37,2,15.93926477432251,23.87615966796875,14.24899959564209,0.0,0.6979999989271164,1.4539999961853027
940,2022_2,96,movel,82,39,43,18.9349308013916,26.17344093322754,9.69700002670288,0.375,0.5522499978542328,1.386499971151352
942,2023_1,01,movel,37,24,13,137.65510368347168,82.78083419799805,12.607999801635742,0.0,0.414000004529953,0.6369999945163727
944,2023_1,02,movel,18,16,2,120.59384727478027,78.37441635131836,17.130499601364136,0.0,0.7427500039339066,2.646249920129776
946,2023_1,03,movel,11,1,10,45.74011516571045,46.903679847717285,7.954749822616577,0.0,0.2134999968111515,0.3765000030398369
948,2023_1,04,movel,18,16,2,52.855953216552734,32.10624027252197,19.5149998664856,0.0,0.4365000016987324,0.8697500079870224
950,2023_1,05,movel,49,23,26,38.585455894470215,35.071678161621094,17.045499801635742,0.0,0.7245000004768372,1.3774999976158142
952,2023_1,06,movel,43,21,22,49.12966346740723,40.167792320251465,9.292500019073486,0.0,0.6504999995231628,1.4309999644756315
954,2023_1,07,movel,44,21,23,29.61897087097168,21.731584548950195,20.857999801635746,0.0,0.9240000247955322,0.8840000033378601
956,2023_1,08,movel,14,14,0,276.3109130859375,50.47391891479492,23.70400047302246,0.0,0.8534999787807465,0.9539999961853028
958,2023_1,09,movel,6,1,5,27.585599899291992,30.21760082244873,5.742500066757202,0.0,0.5720000267028809,1.055999994277954
960,2023_1,10,movel,59,11,48,29.970284461975098,31.06241607666016,36.00950050354004,0.0,1.199499994516373,3.437999963760376
962,2023_1,11,movel,49,12,37,24.81376481056213,37.71750545501709,13.9614999294281,0.0,0.5990000069141388,1.1970000267028809
964,2023_1,12,movel,33,16,17,37.33494663238525,42.73897552490234,9.510499954223633,0.0,0.867000013589859,1.0390000343322754
966,2023_1,13,movel,29,23,6,107.02624130249023,108.86287689208984,12.93499994277954,0.0,0.6159999966621399,1.2139999866485596
968,2023_1,14,movel,6,3,3,42.15713119506836,38.726240158081055,9.93500018119812,0.0,0.4760000109672546,0.6855000108480453
970,2023_1,15,movel,28,15,13,36.77989482879639,26.033408164978027,34.976999282836914,0.0,0.9699999988079072,1.807000041007996
972,2023_1,16,movel,64,44,20,42.93877410888672,20.527519702911377,17.99799919128418,0.0,1.118000030517578,2.1540000438690186
974,2023_1,17,movel,95,18,77,90.20774459838869,59.94399929046631,6.4095001220703125,0.0,0.3240000009536743,0.5370000004768372
976,2023_1,18,movel,32,19,13,47.27408027648926,39.90371322631836,13.301499843597412,0.0,0.5349999964237213,1.3614999651908877
978,2023_1,19,movel,113,42,71,82.38822937011719,106.64303970336914,9.746500015258787,0.0,0.3559999912977218,0.5699999928474426
980,2023_1,20,movel,59,39,20,37.61648368835449,34.79750442504883,18.378249883651733,0.0,0.9619999974966048,1.7489999681711197
982,2023_1,21,movel,32,10,22,43.90085458755493,17.06112027168274,18.112249851226807,0.0,0.5824999958276749,3.301500082015991
984,2023_1,22,movel,38,19,19,41.44128036499024,31.073280334472656,14.026000022888184,0.5,0.7039999961853027,1.269000023603439
986,2023_1,23,movel,24,10,14,54.317604064941406,74.50470352172852,12.555999755859377,0.0,0.3939999938011169,0.9020000100135804
988,2023_1,24,movel,38,14,24,48.613311767578125,39.88505554199219,14.91100001335144,0.0,0.622749999165535,1.6637499928474426
990,2023_1,25,movel,37,4,33,21.12832355499268,30.31382417678833,8.286499977111816,0.0,0.3275000005960464,0.5664999932050705
992,2023_1,26,movel,28,14,14,77.86474609375,39.71270379424095,14.916000366210938,0.0,0.8850000202655792,1.456499993801117
994,2023_1,27,movel,33,5,28,137.3272247314453,128.2372283935547,9.00100040435791,0.0,0.4259999990463257,0.5019999742507935
996,2023_1,28,movel,195,42,153,39.663360595703125,44.75289726257324,6.146999835968018,0.0,0.4059999883174896,1.3450000286102295
998,2023_1,29,movel,48,38,10,74.04096221923828,47.69471740722656,12.974500179290771,0.0,0.3915000036358833,0.8349999785423279
1000,2023_1,30,movel,61,26,35,35.757118225097656,40.0144157409668,7.019999980926514,0.0,0.5389999896287918,0.7775000035762787
1002,2023_1,31,movel,47,8,39,118.54080200195312,54.0425910949707,6.170000076293945,0.0,0.2680000066757202,0.4180000126361847
1004,2023_1,32,movel,54,42,12,87.82182693481445,72.10089492797852,14.765999794006348,0.0,0.7369999885559082,0.9944999814033508
1006,2023_1,33,movel,191,172,19,39.850284576416016,53.09932708740234,7.694999933242798,0.0,0.6040000021457672,0.9947499930858612
1008,2023_1,34,movel,91,42,49,29.38055849075317,45.19540739059448,16.888500213623047,0.25,0.9919999837875366,1.093999981880188
1010,2023_1,35,movel,102,64,38,22.030781269073486,24.174976348876957,19.601999759674072,0.0,0.9580000042915344,1.7912499904632568
1012,2023_1,36,movel,96,23,73,29.203024864196777,32.07376003265381,7.21274995803833,0.0,0.4620000086724758,1.2105000019073486
1014,2023_1,37,movel,27,18,9,44.74559307098389,98.03606796264648,9.986500024795532,0.0,0.3040000014007091,0.9772500097751616
1016,2023_1,38,movel,56,29,27,78.81776237487793,75.88404846191406,9.99775004386902,0.0,0.6064999997615814,0.7475000023841858
1018,2023_1,39,movel,40,32,8,98.819974899292,64.18400192260742,15.1080002784729,0.0,0.3300000056624412,1.2442499995231628
1020,2023_1,40,movel,4,3,1,57.50125074386597,38.48108768463135,18.002999782562256,0.0,0.486500009894371,1.110500007867813
1022,2023_1,41,movel,23,18,5,109.01069259643556,86.34585571289062,19.479999542236328,0.0,0.636000007390976,1.2910000085830688
1024,2023_1,42,movel,67,29,38,37.45797729492188,33.35295867919922,12.763499736785889,0.0,0.5814999938011169,1.4415000081062317
1026,2023_1,43,movel,142,84,58,27.340518951416016,36.17023849487305,8.484000205993652,1.0,0.3459999933838844,1.8580000400543213
1028,2023_1,44,movel,11,8,3,98.00991821289062,19.365375518798828,16.07800006866455,0.0,0.5430000126361847,1.7129999697208405
1030,2023_1,45,movel,67,55,12,46.42270088195801,24.298224449157715,14.03349995613098,0.0,0.7950000017881393,1.2650000154972076
1032,2023_1,46,movel,55,25,30,58.24521541595459,43.60003089904785,13.98800015449524,0.0,0.5650000087916851,0.8534999936819077
1034,2023_1,47,movel,99,23,76,24.6663031578064,35.53068733215332,15.5649995803833,0.0,0.5759999752044678,1.4040000438690186
1036,2023_1,48,movel,117,97,20,50.43751907348633,42.01279830932617,13.156499862670898,0.0,0.8820000290870667,2.13100004196167
1038,2023_1,49,movel,35,32,3,464.3025512695313,60.58457660675049,13.343000411987305,0.0,0.8199999928474426,0.4770000129938125
1040,2023_1,50,movel,45,44,1,55.82378387451172,52.32841539382935,23.683000564575195,0.0,0.9049999713897704,0.9879999756813048
1042,2023_1,51,movel,17,13,4,35.84510040283203,43.0266227722168,17.9375,0.0,0.4284999966621399,2.3510000705718994
1044,2023_1,52,movel,1,0,1,16.065753936767578,38.46041488647461,4.590000152587891,0.0,0.19200000166893,0.3819999992847442
1046,2023_1,53,movel,8,5,3,12.740095138549805,10.078080177307127,24.831000328063965,1.25,2.9545000791549683,1.1794999837875366
1048,2023_1,54,movel,2,2,0,10.60940647125244,1.2564160227775574,44.179500579833984,0.0,1.7190000414848328,7.476000070571899
1050,2023_1,55,movel,30,15,15,52.96896171569824,39.21408081054688,5.359999895095825,0.0,0.493999995291233,0.8947499841451645
1052,2023_1,56,movel,2,0,2,23.535731315612797,22.19121551513672,6.160999774932861,0.0,0.593500018119812,8.954000353813171
1054,2023_1,57,movel,59,20,39,45.84947204589844,50.37984085083008,11.25,0.0,0.2535000070929527,2.007999897003174
1056,2023_1,58,movel,48,13,35,20.88125324249268,35.662800550460815,8.873500108718872,0.0,0.5934999957680702,0.9822500050067902
1058,2023_1,59,movel,44,36,8,36.47999954223633,34.35196876525879,20.682000160217285,0.0,0.6740000247955322,1.515999972820282
1060,2023_1,60,movel,63,36,27,39.816017150878906,48.26639938354492,17.510000228881836,0.0,1.055999994277954,0.8960000276565552
1062,2023_1,61,movel,17,9,8,62.14041709899902,52.876800537109375,9.090999841690063,0.0,0.5310000032186508,1.110999971628189
1064,2023_1,62,movel,61,36,25,138.55135345458984,92.19167709350586,14.130000114440918,0.0,0.7540000081062317,1.0140000581741333
1066,2023_1,63,movel,59,28,31,71.57029342651367,79.54732894897461,16.11400032043457,0.0,0.3160000145435333,0.710999995470047
1068,2023_1,64,movel,36,25,11,41.36172914505005,40.77915287017822,7.319000005722046,0.0,0.4415000081062317,0.8149999976158142
1070,2023_1,65,movel,36,16,20,30.988800048828125,38.15769577026367,7.941999912261963,0.0,0.3077500015497207,0.954750008881092
1072,2023_1,66,movel,33,16,17,8.161177158355713,5.424383878707886,32.23600101470947,0.0,0.7929999828338623,2.539999961853028
1074,2023_1,67,movel,48,34,14,40.45221328735352,36.567487716674805,9.728749990463257,0.0,0.8152500092983246,1.949250042438507
1076,2023_1,68,movel,85,59,26,37.91918087005615,30.083871126174927,18.5,0.0,0.8414999842643738,1.868000030517578
1078,2023_1,69,movel,15,10,5,35.91705703735352,21.343424797058105,25.887750148773197,0.0,0.8815000057220459,1.6549999713897705
1080,2023_1,70,movel,147,111,36,48.565460205078125,41.766143798828125,15.444000005722046,0.0,0.463249996304512,0.8187499940395355
1082,2023_1,71,movel,61,27,34,198.6983642578125,30.513792037963867,15.07800006866455,0.0,0.8269999921321869,1.368000030517578
1084,2023_1,72,movel,97,77,20,168.77818298339844,80.53196716308594,19.472000122070312,0.0,0.7419999837875366,1.5859999656677246
1086,2023_1,73,movel,23,12,11,48.6890869140625,48.09503936767578,8.666999816894531,0.0,0.4480000138282776,0.4359999895095825
1088,2023_1,74,movel,3,1,2,36.888432025909424,20.89324760437012,14.944249510765076,0.0,0.1950000002980232,0.3324999995529651
1090,2023_1,75,movel,26,10,16,27.65766859054565,38.82736015319824,14.472999572753906,0.0,0.8889999985694885,1.1792500019073486
1092,2023_1,76,movel,34,9,25,44.65835380554199,50.41151809692383,10.463000297546388,0.0,0.2929999884217977,1.0464999862015247
1094,2023_1,77,movel,163,142,21,151.39181518554688,43.171295166015625,11.91099977493286,0.0,0.8065000250935555,0.9224999994039536
1096,2023_1,78,movel,13,2,11,96.33524894714355,67.16793632507324,11.802250027656555,0.0,0.7779999673366547,0.6969999969005585
1098,2023_1,79,movel,89,85,4,42.74860763549805,38.88729476928711,13.763999938964844,0.0,0.2759999930858612,0.8320000171661377
1100,2023_1,80,movel,34,23,11,35.7516393661499,31.12600040435791,11.399499893188477,0.0,0.5844999849796295,1.1480000019073486
1102,2023_1,81,movel,14,11,3,9.910714864730837,13.398623943328856,28.69475030899048,0.125,0.6407499834895134,4.005250006914139
1104,2023_1,82,movel,24,18,6,63.00359344482422,46.56422424316406,14.137999534606934,0.0,1.00600004196167,1.1585000157356262
1106,2023_1,83,movel,50,34,16,127.32153701782228,100.74720001220705,10.63450002670288,0.0,0.5239999890327454,1.3945000171661377
1108,2023_1,84,movel,18,11,7,130.5897445678711,40.99502372741699,16.300999879837036,0.0,0.5824999809265137,1.4732499718666077
1110,2023_1,85,movel,23,3,20,105.74501705169678,121.93276977539062,7.700499773025513,0.0,0.5682499781250954,0.8264999985694885
1112,2023_1,86,movel,16,5,11,107.20352172851562,60.83828926086426,12.15250015258789,0.0,0.5740000158548355,1.440999984741211
1114,2023_1,87,movel,30,11,19,15.591715812683104,23.85331153869629,14.048500061035156,0.0,0.8769999742507935,1.746000051498413
1116,2023_1,88,movel,18,17,1,69.34143829345703,50.324798583984375,14.623250007629396,0.0,0.6622499972581863,2.7985000014305115
1118,2023_1,89,movel,27,8,19,30.61824369430542,28.943999767303467,14.061500072479248,0.125,0.6967500150203705,1.856500029563904
1120,2023_1,90,movel,101,86,15,43.72809600830078,28.491455078125,18.69050025939941,0.0,0.8857499957084656,0.8550000041723251
1122,2023_1,91,movel,30,16,14,92.17712211608888,53.176321029663086,13.615750312805176,0.0,0.6140000075101852,1.861999988555908
1124,2023_1,92,movel,11,11,0,17.68459415435791,25.028928518295288,28.30900001525879,0.0,1.2455000281333923,4.278000116348267
1126,2023_1,93,movel,31,20,11,142.80083847045898,41.68617630004883,16.956000328063965,0.0,0.4965000003576278,1.1579999923706057
1128,2023_1,94,movel,50,39,11,26.30504834651947,21.379008650779724,24.15999984741211,0.0,0.7907500118017197,3.2047500014305115
1130,2023_1,95,movel,8,5,3,34.5233268737793,19.28371238708496,6.75600004196167,0.0,0.6629999876022339,2.187999963760376
1132,2023_1,96,movel,37,21,16,65.76838779449463,103.07423973083496,8.808499813079834,0.0,0.3062500059604645,0.6465000137686729
1134,2023_2,01,movel,7,2,5,33.423038482666016,34.33356857299805,22.732999801635746,0.0,0.902999997138977,0.99099999666214
1136,2023_2,02,movel,2,2,0,257.3554153442383,94.6706886291504,,,,
1138,2023_2,03,movel,5,4,1,94.09356498718262,104.6110725402832,,,,
1140,2023_2,04,movel,7,7,0,176.7989959716797,60.53670263290405,28.41575002670288,0.0,1.1869999766349792,1.030000001192093
1142,2023_2,05,movel,70,48,22,70.09406661987305,48.95022392272949,21.6589994430542,0.0,1.1169999986886978,2.571500062942505
1144,2023_2,06,movel,8,8,0,21.756799697875977,31.25775909423828,40.24850082397461,0.25,1.387000024318695,4.120500087738037
1146,2023_2,07,movel,14,9,5,40.31132316589356,45.10568046569824,29.410999298095703,0.0,1.0857499837875366,3.1679999828338623
1148,2023_2,08,movel,45,37,8,117.2510986328125,31.832128524780277,,,,
1150,2023_2,09,movel,22,9,13,49.47436428070069,15.449472427368164,17.164000272750854,0.0,1.3790000081062317,5.260000050067902
1153,2023_2,11,movel,12,1,11,29.44968032836914,30.451457023620605,4.383250117301941,0.5,0.2902499958872795,0.4780000001192093
1155,2023_2,12,movel,25,13,12,87.20039367675781,87.27935791015625,10.364499568939207,0.0,0.7024999856948853,0.522999994456768
1157,2023_2,13,movel,3,2,1,246.9316177368164,152.16364669799805,,,,
1159,2023_2,14,movel,5,5,0,83.37368988990784,55.39441680908203,34.42300128936768,0.125,2.7927500009536743,6.396500065922737
1161,2023_2,15,movel,19,6,13,26.26154613494873,47.08998489379883,13.292999744415283,0.0,0.8529999852180481,0.7125000059604645
1163,2023_2,16,movel,17,14,3,57.89892482757568,62.95117568969727,21.621999740600582,0.0,0.7699999809265137,1.7719999551773071
1165,2023_2,17,movel,136,11,125,25.11755084991455,32.85452842712402,6.79449987411499,0.5,0.4984999895095825,0.8739999979734421
1167,2023_2,18,movel,20,11,9,152.38086700439453,75.52971172332764,5.377750039100647,0.0,0.2362500019371509,0.2640000004321337
1169,2023_2,19,movel,58,1,57,135.97700119018555,69.96096229553223,8.28250002861023,0.25,0.8244999945163727,0.3189999982714653
1171,2023_2,20,movel,54,47,7,73.56955051422119,34.94337701797485,21.854499340057373,0.0,0.7279999852180481,0.74549999833107
1173,2023_2,21,movel,15,6,9,102.6252784729004,93.68063735961914,16.522500038146973,0.0,0.7327500134706497,1.6392499804496763
1175,2023_2,22,movel,23,14,9,26.6724796295166,12.2914559841156,27.302000045776367,2.5,1.0487499833106997,1.538499966263771
1177,2023_2,23,movel,30,7,23,46.44726753234863,48.04800033569336,11.545499801635742,0.0,0.7524999976158142,2.8924999833106995
1179,2023_2,24,movel,22,11,11,33.422669410705566,41.25756931304932,13.565999984741213,0.0,0.8490000069141388,4.44350004196167
1181,2023_2,25,movel,15,7,8,135.02720642089844,144.84083557128906,6.530750036239624,0.0,0.4032499939203262,0.4610000029206276
1183,2023_2,26,movel,18,8,10,64.65842628479004,27.593440055847168,9.971000075340273,0.0,0.520249992609024,1.3817500099539757
1185,2023_2,27,movel,13,7,6,206.94700622558597,96.88944244384766,11.375500202178957,0.0,1.103499948978424,1.227999985218048
1187,2023_2,28,movel,62,7,55,33.00971794128418,39.98550415039063,5.528749942779541,0.0,0.3062500059604645,0.8974999859929085
1189,2023_2,29,movel,56,50,6,48.85932922363281,50.94587993621826,17.219999313354492,0.0,0.8005000054836273,0.3865000009536743
1191,2023_2,30,movel,33,9,24,50.49926376342773,53.74233627319336,8.142999649047852,0.0,0.6200000047683716,0.5640000104904175
1193,2023_2,31,movel,10,2,8,121.13169860839844,11.21836757659912,6.992500066757202,0.0,0.5310000032186508,1.507500022649765
1195,2023_2,32,movel,11,8,3,174.72455596923828,100.80329513549805,13.243000030517578,0.0,0.3294999897480011,0.4790000021457672
1197,2023_2,33,movel,41,17,24,93.86400985717772,80.90775871276855,10.98799991607666,0.0,0.5839999914169312,1.381999969482422
1199,2023_2,34,movel,89,12,77,123.76205444335938,53.04319763183594,11.011000156402588,0.0,1.050499975681305,1.7039999961853027
1201,2023_2,35,movel,111,76,35,61.95225143432617,42.06195259094238,18.49099922180176,0.0,0.9959999918937684,0.460999995470047
1203,2023_2,36,movel,38,18,20,22.67743968963623,27.07200050354004,6.073000073432922,0.0,0.1842500008642673,0.9260000064969064
1205,2023_2,37,movel,64,43,21,53.05717468261719,79.77097511291504,11.500500202178957,0.0,0.4229999929666519,1.0069999992847445
1207,2023_2,38,movel,69,43,26,34.352638244628906,38.5555534362793,13.314499855041504,0.0,0.7239999771118164,0.8299999833106995
1209,2023_2,39,movel,12,4,8,153.54036712646484,66.8532485961914,10.959749937057495,0.0,0.5987499952316284,1.459500014781952
1211,2023_2,40,movel,1,1,0,3.7570040225982666,15.925056457519531,18.53300094604492,0.0,1.6749999523162842,1.5440000295639038
1213,2023_2,41,movel,6,6,0,146.40896546840668,60.23204803466797,,,,
1215,2023_2,42,movel,51,16,35,71.68396759033203,41.86896133422852,16.42799997329712,0.0,0.549249991774559,2.796999931335449
1217,2023_2,43,movel,42,20,22,51.17023277282715,52.155982971191406,7.950999855995178,0.0,0.4390000030398369,0.3480000048875808
1219,2023_2,44,movel,7,2,5,22.11264038085937,14.953791618347168,103.75949668884276,1.25,0.0990000013262033,31.236499190330505
1221,2023_2,45,movel,23,14,9,36.597843170166016,32.93094253540039,37.31849956512451,0.0,1.6927500069141388,3.7370000779628754
1223,2023_2,46,movel,30,22,8,31.30348300933838,43.24494743347168,9.498000144958496,0.5,1.0899999737739563,0.4359999895095825
1225,2023_2,47,movel,28,13,15,163.27519989013672,80.55062103271484,16.66849994659424,0.0,1.621500015258789,1.51500004529953
1227,2023_2,48,movel,87,43,44,47.1307110786438,54.76266527175903,12.173999786376951,0.0,0.962000012397766,1.3320000171661377
1229,2023_2,49,movel,11,7,4,61.90848159790039,36.00614547729492,15.145999908447266,0.0,0.9860000014305116,0.4280000030994415
1231,2023_2,50,movel,25,22,3,159.5966339111328,85.33631896972656,20.312249660491943,0.0,1.069499984383583,2.022000014781952
1233,2023_2,51,movel,5,4,1,73.82425689697266,46.150657653808594,11.719500064849854,0.0,1.5965000241994858,0.7415000051259995
1236,2023_2,53,movel,3,1,2,47.57657623291016,18.89516830444336,14.144000053405762,0.0,0.9660000205039978,1.5180000066757202
1238,2023_2,54,movel,21,4,17,60.185105323791504,70.24297523498535,16.02649998664856,0.0,0.364499993622303,0.2274999991059303
1240,2023_2,55,movel,28,15,13,137.2082977294922,95.54124450683594,6.420500040054321,0.25,0.2675000056624412,0.8290000259876251
1242,2023_2,56,movel,2,1,1,80.3513439334929,61.83571243286133,,,,
1244,2023_2,57,movel,10,8,2,66.68320083618164,91.20066833496094,11.424249649047852,1.875,0.2390000037848949,3.238499954342842
1246,2023_2,58,movel,32,1,31,53.835360527038574,52.53897666931152,13.113500118255615,0.0,1.91949999332428,1.3009999990463257
1248,2023_2,59,movel,27,19,8,43.21151924133301,44.40799903869629,15.308250069618223,2.0,0.6992500126361847,0.6912499964237213
1250,2023_2,60,movel,50,28,22,168.41498184204102,93.43616104125977,11.26550006866455,0.0,0.7930000014603138,0.5852500163018703
1252,2023_2,61,movel,1,1,0,320.32928466796875,149.90463256835938,,,,
1254,2023_2,62,movel,40,32,8,30.10466957092285,30.47923183441162,37.71799850463867,0.0,1.1200000047683716,2.193000078201294
1256,2023_2,63,movel,29,18,11,180.22887420654297,76.56364440917969,18.679000854492188,0.0,1.1294999718666077,0.7384999990463257
1258,2023_2,64,movel,10,4,6,171.95631408691406,76.92371940612793,9.482499837875366,0.0,0.288500003516674,0.8065000027418137
1260,2023_2,65,movel,89,10,79,104.55491256713869,97.31428909301758,10.52049970626831,0.0,1.0640000104904177,2.618499994277954
1262,2023_2,66,movel,13,5,8,28.73185539245605,32.95667266845703,66.48299980163574,3.5,2.960500031709671,21.943000316619877
1264,2023_2,67,movel,16,10,6,69.0508804321289,44.79689598083496,21.123499870300293,0.25,1.4347500279545784,4.580250114202499
1266,2023_2,68,movel,85,47,38,79.83935928344727,51.01446533203125,13.059499740600586,0.0,0.7279999852180481,2.9100000858306885
1268,2023_2,69,movel,2,2,0,135.34579277038574,64.90988159179688,,,,
1270,2023_2,70,movel,62,49,13,172.641357421875,101.90227127075195,10.373000144958496,0.0,0.5580000281333923,0.8349999785423279
1272,2023_2,71,movel,42,28,14,78.5433578491211,73.24313354492188,10.285500049591064,0.0,0.6909999847412109,1.2249999642372131
1274,2023_2,72,movel,26,20,6,59.86560583114624,60.33811283111572,13.25100040435791,0.25,0.5620000064373016,1.156000018119812
1276,2023_2,73,movel,10,7,3,219.7259521484375,84.28627014160156,9.021499872207642,0.5,0.6869999766349792,0.8345000147819519
1278,2023_2,74,movel,3,0,3,168.3583984375,275.3407897949219,3.5350000858306885,0.0,0.0890000015497207,0.0869999974966049
1280,2023_2,75,movel,64,34,30,189.33143997192383,100.61223983764648,12.388000011444092,1.875,0.6197500005364418,0.8735000193119049
1282,2023_2,76,movel,72,30,42,100.1952018737793,51.36735916137695,8.840250134468079,0.25,0.5167499855160713,1.7927500307559967
1284,2023_2,77,movel,25,19,6,159.15948867797852,117.50134372711182,21.95199966430664,0.5,0.9459999799728394,1.7400000095367432
1286,2023_2,78,movel,2,1,1,163.58986282348633,97.17504119873048,,,,
1288,2023_2,79,movel,6,2,4,207.48004150390625,66.52195167541504,18.569499969482425,0.0,0.9819999933242798,1.777999997138977
1290,2023_2,80,movel,34,21,13,110.1773452758789,91.25875091552734,9.487000465393066,0.0,0.6014999896287918,0.546999990940094
1292,2023_2,81,movel,20,6,14,42.79404830932617,68.27110481262207,17.714999675750732,0.0,1.687999963760376,2.533499985933304
1294,2023_2,82,movel,10,8,2,18.011072158813477,21.337024688720703,25.161999702453613,0.0,0.6120000183582306,2.007749944925308
1296,2023_2,83,movel,35,19,16,134.67955708503723,60.193055152893066,17.88149929046631,0.0,1.1690000295639038,1.4214999973773956
1298,2023_2,84,movel,19,12,7,106.633056640625,94.02623748779295,21.37874937057495,0.25,1.4222499430179596,3.627749904990196
1300,2023_2,85,movel,4,2,2,91.05481910705566,50.536865234375,18.48200035095215,0.0,0.5529999732971191,1.5199999809265137
1302,2023_2,86,movel,23,3,20,132.8916473388672,18.95353603363037,25.72499990463257,0.0,0.824999988079071,5.883000195026398
1304,2023_2,87,movel,11,8,3,31.36363124847412,28.552703857421875,13.960999965667725,0.0,0.6175000034272671,0.2814999893307686
1306,2023_2,88,movel,19,7,12,11.725824356079102,9.40659236907959,9.324999809265137,0.0,0.3440000116825104,1.030000001192093
1308,2023_2,89,movel,12,2,10,63.042911529541016,17.46828842163086,27.358500480651852,0.0,0.8179999887943268,2.189999997615814
1310,2023_2,90,movel,72,60,12,129.56671905517578,24.23130416870117,23.98900032043457,0.0,0.8360000252723694,1.7369999885559082
1312,2023_2,91,movel,14,10,4,53.448577880859375,28.46816062927246,28.991999626159668,1.0,14.20100000500679,7.487999767065048
1314,2023_2,92,movel,11,7,4,116.11384201049805,118.69325256347656,12.933499813079834,0.0,1.5290000438690186,2.565999984741211
1316,2023_2,93,movel,16,15,1,42.52012729644776,42.462143898010254,10.639999866485596,0.0,0.4562499895691871,1.5250000357627869
1318,2023_2,94,movel,20,10,10,84.79953682422638,48.88628005981445,41.32200050354004,0.0,5.5005000829696655,13.53600025177002
1320,2023_2,95,movel,15,9,6,63.9755449295044,42.093183517456055,13.449999809265137,0.0,0.3939999938011169,1.343999981880188
1322,2023_2,96,movel,17,4,13,169.80137634277344,115.1542739868164,21.981249809265137,0.0,1.2529999911785126,4.171250015497208
